ID;NAME;PARENT_ID
8bbf14c6-b378-4e35-9b4f-05a9c8878001;Fiction;
8bbf14c6-b378-4e35-9b4f-05a9c8878002;Non-Fiction;
8bbf14c6-b378-4e35-9b4f-05a9c8878003;Action & Adventure;8bbf14c6-b378-4e35-9b4f-05a9c8878001
8bbf14c6-b378-4e35-9b4f-05a9c8878004;Alternate History;8bbf14c6-b378-4e35-9b4f-05a9c8878001
8bbf14c6-b378-4e35-9b4f-05a9c8878005;Anthology;8bbf14c6-b378-4e35-9b4f-05a9c8878001
8bbf14c6-b378-4e35-9b4f-05a9c8878006;Art;8bbf14c6-b378-4e35-9b4f-05a9c8878002
8bbf14c6-b378-4e35-9b4f-05a9c8878007;Autobiography;8bbf14c6-b378-4e35-9b4f-05a9c8878002
8bbf14c6-b378-4e35-9b4f-05a9c8878008;Biography;8bbf14c6-b378-4e35-9b4f-05a9c8878002
8bbf14c6-b378-4e35-9b4f-05a9c8878009;Business;8bbf14c6-b378-4e35-9b4f-05a9c8878002
8bbf14c6-b378-4e35-9b4f-05a9c8878010;Chick Lit;8bbf14c6-b378-4e35-9b4f-05a9c8878001
8bbf14c6-b378-4e35-9b4f-05a9c8878011;Children's;8bbf14c6-b378-4e35-9b4f-05a9c8878001
8bbf14c6-b378-4e35-9b4f-05a9c8878012;Christian;8bbf14c6-b378-4e35-9b4f-05a9c8878002
8bbf14c6-b378-4e35-9b4f-05a9c8878013;Classic;8bbf14c6-b378-4e35-9b4f-05a9c8878001
8bbf14c6-b378-4e35-9b4f-05a9c8878014;Comic Book;8bbf14c6-b378-4e35-9b4f-05a9c8878001
8bbf14c6-b378-4e35-9b4f-05a9c8878015;Coming-of-Age;8bbf14c6-b378-4e35-9b4f-05a9c8878001
8bbf14c6-b378-4e35-9b4f-05a9c8878016;Contemporary;8bbf14c6-b378-4e35-9b4f-05a9c8878001
8bbf14c6-b378-4e35-9b4f-05a9c8878017;Cookbook;8bbf14c6-b378-4e35-9b4f-05a9c8878002
8bbf14c6-b378-4e35-9b4f-05a9c8878018;Crime;8bbf14c6-b378-4e35-9b4f-05a9c8878001
8bbf14c6-b378-4e35-9b4f-05a9c8878019;Cyberpunk;8bbf14c6-b378-4e35-9b4f-05a9c8878001
8bbf14c6-b378-4e35-9b4f-05a9c8878020;Dark Fantasy;8bbf14c6-b378-4e35-9b4f-05a9c8878001
8bbf14c6-b378-4e35-9b4f-05a9c8878021;Detective;8bbf14c6-b378-4e35-9b4f-05a9c8878001
8bbf14c6-b378-4e35-9b4f-05a9c8878022;Diary;8bbf14c6-b378-4e35-9b4f-05a9c8878002
8bbf14c6-b378-4e35-9b4f-05a9c8878023;Dystopian;8bbf14c6-b378-4e35-9b4f-05a9c8878001
8bbf14c6-b378-4e35-9b4f-05a9c8878024;Economics;8bbf14c6-b378-4e35-9b4f-05a9c8878002
8bbf14c6-b378-4e35-9b4f-05a9c8878025;Education;8bbf14c6-b378-4e35-9b4f-05a9c8878002
8bbf14c6-b378-4e35-9b4f-05a9c8878026;Epic;8bbf14c6-b378-4e35-9b4f-05a9c8878001
8bbf14c6-b378-4e35-9b4f-05a9c8878027;Erotica;8bbf14c6-b378-4e35-9b4f-05a9c8878001
8bbf14c6-b378-4e35-9b4f-05a9c8878028;Essay;8bbf14c6-b378-4e35-9b4f-05a9c8878002
8bbf14c6-b378-4e35-9b4f-05a9c8878029;Fairy Tale;8bbf14c6-b378-4e35-9b4f-05a9c8878001
8bbf14c6-b378-4e35-9b4f-05a9c8878030;Family Saga;8bbf14c6-b378-4e35-9b4f-05a9c8878001
8bbf14c6-b378-4e35-9b4f-05a9c8878031;Fantasy;8bbf14c6-b378-4e35-9b4f-05a9c8878001
8bbf14c6-b378-4e35-9b4f-05a9c8878032;Feminist;8bbf14c6-b378-4e35-9b4f-05a9c8878002
8bbf14c6-b378-4e35-9b4f-05a9c8878034;Folklore;8bbf14c6-b378-4e35-9b4f-05a9c8878001
8bbf14c6-b378-4e35-9b4f-05a9c8878035;Food & Drink;8bbf14c6-b378-4e35-9b4f-05a9c8878002
8bbf14c6-b378-4e35-9b4f-05a9c8878036;Forensic;8bbf14c6-b378-4e35-9b4f-05a9c8878002
8bbf14c6-b378-4e35-9b4f-05a9c8878038;Gothic;8bbf14c6-b378-4e35-9b4f-05a9c8878001
8bbf14c6-b378-4e35-9b4f-05a9c8878039;Graphic Novel;8bbf14c6-b378-4e35-9b4f-05a9c8878001
8bbf14c6-b378-4e35-9b4f-05a9c8878040;Hard Science Fiction;8bbf14c6-b378-4e35-9b4f-05a9c8878001
8bbf14c6-b378-4e35-9b4f-05a9c8878041;Health;8bbf14c6-b378-4e35-9b4f-05a9c8878002
8bbf14c6-b378-4e35-9b4f-05a9c8878042;Historical;8bbf14c6-b378-4e35-9b4f-05a9c8878001
8bbf14c6-b378-4e35-9b4f-05a9c8878043;Historical Fiction;8bbf14c6-b378-4e35-9b4f-05a9c8878001
8bbf14c6-b378-4e35-9b4f-05a9c8878044;History;8bbf14c6-b378-4e35-9b4f-05a9c8878002
8bbf14c6-b378-4e35-9b4f-05a9c8878045;Holiday;8bbf14c6-b378-4e35-9b4f-05a9c8878001
8bbf14c6-b378-4e35-9b4f-05a9c8878046;Horror;8bbf14c6-b378-4e35-9b4f-05a9c8878001
8bbf14c6-b378-4e35-9b4f-05a9c8878047;Humor;8bbf14c6-b378-4e35-9b4f-05a9c8878001
8bbf14c6-b378-4e35-9b4f-05a9c8878048;Inspirational;8bbf14c6-b378-4e35-9b4f-05a9c8878002
8bbf14c6-b378-4e35-9b4f-05a9c8878049;Journal;8bbf14c6-b378-4e35-9b4f-05a9c8878002
8bbf14c6-b378-4e35-9b4f-05a9c8878050;Legal Thriller;8bbf14c6-b378-4e35-9b4f-05a9c8878001
8bbf14c6-b378-4e35-9b4f-05a9c8878052;Light Novel;8bbf14c6-b378-4e35-9b4f-05a9c8878001
8bbf14c6-b378-4e35-9b4f-05a9c8878053;Literary Fiction;8bbf14c6-b378-4e35-9b4f-05a9c8878001
8bbf14c6-b378-4e35-9b4f-05a9c8878054;Magic Realism;8bbf14c6-b378-4e35-9b4f-05a9c8878001
8bbf14c6-b378-4e35-9b4f-05a9c8878055;Manga;8bbf14c6-b378-4e35-9b4f-05a9c8878001
8bbf14c6-b378-4e35-9b4f-05a9c8878056;Martial Arts;8bbf14c6-b378-4e35-9b4f-05a9c8878001
8bbf14c6-b378-4e35-9b4f-05a9c8878057;Mathematics;8bbf14c6-b378-4e35-9b4f-05a9c8878002
8bbf14c6-b378-4e35-9b4f-05a9c8878058;Medical;8bbf14c6-b378-4e35-9b4f-05a9c8878002
8bbf14c6-b378-4e35-9b4f-05a9c8878059;Memoir;8bbf14c6-b378-4e35-9b4f-05a9c8878002
8bbf14c6-b378-4e35-9b4f-05a9c8878060;Metaphysical;8bbf14c6-b378-4e35-9b4f-05a9c8878002
8bbf14c6-b378-4e35-9b4f-05a9c8878061;Military;8bbf14c6-b378-4e35-9b4f-05a9c8878001
8bbf14c6-b378-4e35-9b4f-05a9c8878062;Modern Classic;8bbf14c6-b378-4e35-9b4f-05a9c8878001
8bbf14c6-b378-4e35-9b4f-05a9c8878063;Monograph;8bbf14c6-b378-4e35-9b4f-05a9c8878002
8bbf14c6-b378-4e35-9b4f-05a9c8878064;Music;8bbf14c6-b378-4e35-9b4f-05a9c8878002
8bbf14c6-b378-4e35-9b4f-05a9c8878065;Mystery;8bbf14c6-b378-4e35-9b4f-05a9c8878001
8bbf14c6-b378-4e35-9b4f-05a9c8878066;Mythology;8bbf14c6-b378-4e35-9b4f-05a9c8878001
8bbf14c6-b378-4e35-9b4f-05a9c8878067;Narrative Nonfiction;8bbf14c6-b378-4e35-9b4f-05a9c8878002
8bbf14c6-b378-4e35-9b4f-05a9c8878068;Nature;8bbf14c6-b378-4e35-9b4f-05a9c8878002
8bbf14c6-b378-4e35-9b4f-05a9c8878069;New Adult;8bbf14c6-b378-4e35-9b4f-05a9c8878001
8bbf14c6-b378-4e35-9b4f-05a9c8878070;Noir;8bbf14c6-b378-4e35-9b4f-05a9c8878001
8bbf14c6-b378-4e35-9b4f-05a9c8878071;Occult;8bbf14c6-b378-4e35-9b4f-05a9c8878002
8bbf14c6-b378-4e35-9b4f-05a9c8878072;Paranormal;8bbf14c6-b378-4e35-9b4f-05a9c8878001
8bbf14c6-b378-4e35-9b4f-05a9c8878073;Parenting;8bbf14c6-b378-4e35-9b4f-05a9c8878002
8bbf14c6-b378-4e35-9b4f-05a9c8878074;Philosophy;8bbf14c6-b378-4e35-9b4f-05a9c8878002
8bbf14c6-b378-4e35-9b4f-05a9c8878075;Picture Book;8bbf14c6-b378-4e35-9b4f-05a9c8878001
8bbf14c6-b378-4e35-9b4f-05a9c8878076;Play;8bbf14c6-b378-4e35-9b4f-05a9c8878001
8bbf14c6-b378-4e35-9b4f-05a9c8878077;Poetry;8bbf14c6-b378-4e35-9b4f-05a9c8878001
8bbf14c6-b378-4e35-9b4f-05a9c8878078;Political;8bbf14c6-b378-4e35-9b4f-05a9c8878002
8bbf14c6-b378-4e35-9b4f-05a9c8878079;Post-Apocalyptic;8bbf14c6-b378-4e35-9b4f-05a9c8878001
8bbf14c6-b378-4e35-9b4f-05a9c8878080;Prayer;8bbf14c6-b378-4e35-9b4f-05a9c8878002
8bbf14c6-b378-4e35-9b4f-05a9c8878081;Psychological Thriller;8bbf14c6-b378-4e35-9b4f-05a9c8878001
8bbf14c6-b378-4e35-9b4f-05a9c8878082;Reference;8bbf14c6-b378-4e35-9b4f-05a9c8878002
8bbf14c6-b378-4e35-9b4f-05a9c8878083;Regency;8bbf14c6-b378-4e35-9b4f-05a9c8878001
8bbf14c6-b378-4e35-9b4f-05a9c8878084;Religion;8bbf14c6-b378-4e35-9b4f-05a9c8878002
8bbf14c6-b378-4e35-9b4f-05a9c8878085;Religious Fiction;8bbf14c6-b378-4e35-9b4f-05a9c8878001
8bbf14c6-b378-4e35-9b4f-05a9c8878086;Romance;8bbf14c6-b378-4e35-9b4f-05a9c8878001
8bbf14c6-b378-4e35-9b4f-05a9c8878087;Romantic Comedy;8bbf14c6-b378-4e35-9b4f-05a9c8878086
8bbf14c6-b378-4e35-9b4f-05a9c8878088;Romantic Suspense;8bbf14c6-b378-4e35-9b4f-05a9c8878086
8bbf14c6-b378-4e35-9b4f-05a9c8878089;Saga;8bbf14c6-b378-4e35-9b4f-05a9c8878001
8bbf14c6-b378-4e35-9b4f-05a9c8878090;Satire;8bbf14c6-b378-4e35-9b4f-05a9c8878001
8bbf14c6-b378-4e35-9b4f-05a9c8878091;Science;8bbf14c6-b378-4e35-9b4f-05a9c8878002
8bbf14c6-b378-4e35-9b4f-05a9c8878092;Science Fiction;8bbf14c6-b378-4e35-9b4f-05a9c8878001
8bbf14c6-b378-4e35-9b4f-05a9c8878093;Self-Help;8bbf14c6-b378-4e35-9b4f-05a9c8878002
8bbf14c6-b378-4e35-9b4f-05a9c8878094;Short Story;8bbf14c6-b378-4e35-9b4f-05a9c8878001
8bbf14c6-b378-4e35-9b4f-05a9c8878095;Slice of Life;8bbf14c6-b378-4e35-9b4f-05a9c8878001
8bbf14c6-b378-4e35-9b4f-05a9c8878096;Social Science;8bbf14c6-b378-4e35-9b4f-05a9c8878002
8bbf14c6-b378-4e35-9b4f-05a9c8878097;Society;8bbf14c6-b378-4e35-9b4f-05a9c8878002
8bbf14c6-b378-4e35-9b4f-05a9c8878098;Soft Science Fiction;8bbf14c6-b378-4e35-9b4f-05a9c8878092
8bbf14c6-b378-4e35-9b4f-05a9c8878099;Space Opera;8bbf14c6-b378-4e35-9b4f-05a9c8878092
8bbf14c6-b378-4e35-9b4f-05a9c8878100;Spirituality;8bbf14c6-b378-4e35-9b4f-05a9c8878002
8bbf14c6-b378-4e35-9b4f-05a9c8878101;Sports;8bbf14c6-b378-4e35-9b4f-05a9c8878002
8bbf14c6-b378-4e35-9b4f-05a9c8878102;Spy;8bbf14c6-b378-4e35-9b4f-05a9c8878001
8bbf14c6-b378-4e35-9b4f-05a9c8878103;Steampunk;8bbf14c6-b378-4e35-9b4f-05a9c8878001
8bbf14c6-b378-4e35-9b4f-05a9c8878104;Superhero;8bbf14c6-b378-4e35-9b4f-05a9c8878001
8bbf14c6-b378-4e35-9b4f-05a9c8878105;Supernatural;8bbf14c6-b378-4e35-9b4f-05a9c8878001
8bbf14c6-b378-4e35-9b4f-05a9c8878106;Suspense;8bbf14c6-b378-4e35-9b4f-05a9c8878001
8bbf14c6-b378-4e35-9b4f-05a9c8878107;Techno-thriller;8bbf14c6-b378-4e35-9b4f-05a9c8878001
8bbf14c6-b378-4e35-9b4f-05a9c8878108;Teen;8bbf14c6-b378-4e35-9b4f-05a9c8878001
8bbf14c6-b378-4e35-9b4f-05a9c8878109;Thriller;8bbf14c6-b378-4e35-9b4f-05a9c8878001
8bbf14c6-b378-4e35-9b4f-05a9c8878110;Time Travel;8bbf14c6-b378-4e35-9b4f-05a9c8878001
8bbf14c6-b378-4e35-9b4f-05a9c8878111;Travel;8bbf14c6-b378-4e35-9b4f-05a9c8878002
8bbf14c6-b378-4e35-9b4f-05a9c8878112;True Crime;8bbf14c6-b378-4e35-9b4f-05a9c8878002
8bbf14c6-b378-4e35-9b4f-05a9c8878113;Urban;8bbf14c6-b378-4e35-9b4f-05a9c8878001
8bbf14c6-b378-4e35-9b4f-05a9c8878114;Urban Fantasy;8bbf14c6-b378-4e35-9b4f-05a9c8878031
8bbf14c6-b378-4e35-9b4f-05a9c8878115;Utopian;8bbf14c6-b378-4e35-9b4f-05a9c8878001
8bbf14c6-b378-4e35-9b4f-05a9c8878116;Vampire;8bbf14c6-b378-4e35-9b4f-05a9c8878001
8bbf14c6-b378-4e35-9b4f-05a9c8878117;War;8bbf14c6-b378-4e35-9b4f-05a9c8878001
8bbf14c6-b378-4e35-9b4f-05a9c8878118;Western;8bbf14c6-b378-4e35-9b4f-05a9c8878001
8bbf14c6-b378-4e35-9b4f-05a9c8878119;Women's Fiction;8bbf14c6-b378-4e35-9b4f-05a9c8878001
8bbf14c6-b378-4e35-9b4f-05a9c8878120;Young Adult;8bbf14c6-b378-4e35-9b4f-05a9c8878001
8bbf14c6-b378-4e35-9b4f-05a9c8878121;Adventure;8bbf14c6-b378-4e35-9b4f-05a9c8878001
8bbf14c6-b378-4e35-9b4f-05a9c8878122;African American;8bbf14c6-b378-4e35-9b4f-05a9c8878001
8bbf14c6-b378-4e35-9b4f-05a9c8878123;Alien Invasion;8bbf14c6-b378-4e35-9b4f-05a9c8878092
8bbf14c6-b378-4e35-9b4f-05a9c8878124;Alternate Universe;8bbf14c6-b378-4e35-9b4f-05a9c8878001
8bbf14c6-b378-4e35-9b4f-05a9c8878125;Animal;8bbf14c6-b378-4e35-9b4f-05a9c8878001
8bbf14c6-b378-4e35-9b4f-05a9c8878126;Anthropology;8bbf14c6-b378-4e35-9b4f-05a9c8878002
8bbf14c6-b378-4e35-9b4f-05a9c8878127;Apocalyptic;8bbf14c6-b378-4e35-9b4f-05a9c8878001
8bbf14c6-b378-4e35-9b4f-05a9c8878128;Archaeology;8bbf14c6-b378-4e35-9b4f-05a9c8878002
8bbf14c6-b378-4e35-9b4f-05a9c8878129;Art History;8bbf14c6-b378-4e35-9b4f-05a9c8878006
8bbf14c6-b378-4e35-9b4f-05a9c8878130;Asian Literature;8bbf14c6-b378-4e35-9b4f-05a9c8878001
8bbf14c6-b378-4e35-9b4f-05a9c8878131;Astronomy;8bbf14c6-b378-4e35-9b4f-05a9c8878002
8bbf14c6-b378-4e35-9b4f-05a9c8878132;Aviation;8bbf14c6-b378-4e35-9b4f-05a9c8878002
8bbf14c6-b378-4e35-9b4f-05a9c8878133;Beach Read;8bbf14c6-b378-4e35-9b4f-05a9c8878001
8bbf14c6-b378-4e35-9b4f-05a9c8878134;Biblical;8bbf14c6-b378-4e35-9b4f-05a9c8878002
8bbf14c6-b378-4e35-9b4f-05a9c8878135;Board Book;8bbf14c6-b378-4e35-9b4f-05a9c8878011
8bbf14c6-b378-4e35-9b4f-05a9c8878136;Body;8bbf14c6-b378-4e35-9b4f-05a9c8878002
8bbf14c6-b378-4e35-9b4f-05a9c8878137;Campus;8bbf14c6-b378-4e35-9b4f-05a9c8878001
8bbf14c6-b378-4e35-9b4f-05a9c8878138;Canadian Literature;8bbf14c6-b378-4e35-9b4f-05a9c8878001
8bbf14c6-b378-4e35-9b4f-05a9c8878139;Cartoon;8bbf14c6-b378-4e35-9b4f-05a9c8878001
8bbf14c6-b378-4e35-9b4f-05a9c8878140;Celebrity;8bbf14c6-b378-4e35-9b4f-05a9c8878002
8bbf14c6-b378-4e35-9b4f-05a9c8878141;Chick Noir;8bbf14c6-b378-4e35-9b4f-05a9c8878010
8bbf14c6-b378-4e35-9b4f-05a9c8878142;Christian Fiction;8bbf14c6-b378-4e35-9b4f-05a9c8878001
8bbf14c6-b378-4e35-9b4f-05a9c8878143;Christian Romance;8bbf14c6-b378-4e35-9b4f-05a9c8878086
8bbf14c6-b378-4e35-9b4f-05a9c8878144;Classic Romance;8bbf14c6-b378-4e35-9b4f-05a9c8878086
8bbf14c6-b378-4e35-9b4f-05a9c8878145;Climate Fiction;8bbf14c6-b378-4e35-9b4f-05a9c8878092
8bbf14c6-b378-4e35-9b4f-05a9c8878146;Comedy;8bbf14c6-b378-4e35-9b4f-05a9c8878001
8bbf14c6-b378-4e35-9b4f-05a9c8878148;Conspiracy;8bbf14c6-b378-4e35-9b4f-05a9c8878001
8bbf14c6-b378-4e35-9b4f-05a9c8878149;Contemporary Romance;8bbf14c6-b378-4e35-9b4f-05a9c8878086
8bbf14c6-b378-4e35-9b4f-05a9c8878150;Cooking Memoir;8bbf14c6-b378-4e35-9b4f-05a9c8878059
8bbf14c6-b378-4e35-9b4f-05a9c8878151;Cozy Mystery;8bbf14c6-b378-4e35-9b4f-05a9c8878065
8bbf14c6-b378-4e35-9b4f-05a9c8878152;Crafts & Hobbies;8bbf14c6-b378-4e35-9b4f-05a9c8878002
8bbf14c6-b378-4e35-9b4f-05a9c8878153;Crime Thriller;8bbf14c6-b378-4e35-9b4f-05a9c8878109
8bbf14c6-b378-4e35-9b4f-05a9c8878154;Cultural;8bbf14c6-b378-4e35-9b4f-05a9c8878002
8bbf14c6-b378-4e35-9b4f-05a9c8878155;Cyber Thriller;8bbf14c6-b378-4e35-9b4f-05a9c8878109
8bbf14c6-b378-4e35-9b4f-05a9c8878156;Dark Romance;8bbf14c6-b378-4e35-9b4f-05a9c8878086
8bbf14c6-b378-4e35-9b4f-05a9c8878157;Detective Fiction;8bbf14c6-b378-4e35-9b4f-05a9c8878021
8bbf14c6-b378-4e35-9b4f-05a9c8878158;Disaster;8bbf14c6-b378-4e35-9b4f-05a9c8878001
8bbf14c6-b378-4e35-9b4f-05a9c8878159;Divorce;8bbf14c6-b378-4e35-9b4f-05a9c8878001
8bbf14c6-b378-4e35-9b4f-05a9c8878160;Domestic Fiction;8bbf14c6-b378-4e35-9b4f-05a9c8878001
8bbf14c6-b378-4e35-9b4f-05a9c8878161;Drama;8bbf14c6-b378-4e35-9b4f-05a9c8878001
8bbf14c6-b378-4e35-9b4f-05a9c8878162;Eastern Philosophy;8bbf14c6-b378-4e35-9b4f-05a9c8878074
8bbf14c6-b378-4e35-9b4f-05a9c8878163;Ecology;8bbf14c6-b378-4e35-9b4f-05a9c8878002
8bbf14c6-b378-4e35-9b4f-05a9c8878164;Epic Fantasy;8bbf14c6-b378-4e35-9b4f-05a9c8878031
8bbf14c6-b378-4e35-9b4f-05a9c8878165;Espionage;8bbf14c6-b378-4e35-9b4f-05a9c8878001
8bbf14c6-b378-4e35-9b4f-05a9c8878166;Experimental;8bbf14c6-b378-4e35-9b4f-05a9c8878001
8bbf14c6-b378-4e35-9b4f-05a9c8878167;Family Drama;8bbf14c6-b378-4e35-9b4f-05a9c8878001
8bbf14c6-b378-4e35-9b4f-05a9c8878168;Fantasy Romance;8bbf14c6-b378-4e35-9b4f-05a9c8878086
8bbf14c6-b378-4e35-9b4f-05a9c8878169;Feminist Fiction;8bbf14c6-b378-4e35-9b4f-05a9c8878032
8bbf14c6-b378-4e35-9b4f-05a9c8878170;Fictional Biography;8bbf14c6-b378-4e35-9b4f-05a9c8878008
8bbf14c6-b378-4e35-9b4f-05a9c8878171;Folklore Retelling;8bbf14c6-b378-4e35-9b4f-05a9c8878034
8bbf14c6-b378-4e35-9b4f-05a9c8878172;Foreign Language;8bbf14c6-b378-4e35-9b4f-05a9c8878002
8bbf14c6-b378-4e35-9b4f-05a9c8878173;Friendship;8bbf14c6-b378-4e35-9b4f-05a9c8878001
8bbf14c6-b378-4e35-9b4f-05a9c8878174;Gastronomy;8bbf14c6-b378-4e35-9b4f-05a9c8878035
8bbf14c6-b378-4e35-9b4f-05a9c8878175;Gender Studies;8bbf14c6-b378-4e35-9b4f-05a9c8878002
8bbf14c6-b378-4e35-9b4f-05a9c8878176;Ghost Story;8bbf14c6-b378-4e35-9b4f-05a9c8878046
8bbf14c6-b378-4e35-9b4f-05a9c8878177;Gothic Horror;8bbf14c6-b378-4e35-9b4f-05a9c8878038
8bbf14c6-b378-4e35-9b4f-05a9c8878178;Graphic Memoir;8bbf14c6-b378-4e35-9b4f-05a9c8878059
8bbf14c6-b378-4e35-9b4f-05a9c8878179;Greek Mythology;8bbf14c6-b378-4e35-9b4f-05a9c8878066
8bbf14c6-b378-4e35-9b4f-05a9c8878180;Hard Boiled;8bbf14c6-b378-4e35-9b4f-05a9c8878065
8bbf14c6-b378-4e35-9b4f-05a9c8878181;Haunted House;8bbf14c6-b378-4e35-9b4f-05a9c8878046
8bbf14c6-b378-4e35-9b4f-05a9c8878182;Heroic Fantasy;8bbf14c6-b378-4e35-9b4f-05a9c8878031
8bbf14c6-b378-4e35-9b4f-05a9c8878183;Historical Mystery;8bbf14c6-b378-4e35-9b4f-05a9c8878065
8bbf14c6-b378-4e35-9b4f-05a9c8878184;Historical Romance;8bbf14c6-b378-4e35-9b4f-05a9c8878086
8bbf14c6-b378-4e35-9b4f-05a9c8878185;Holiday Romance;8bbf14c6-b378-4e35-9b4f-05a9c8878086
8bbf14c6-b378-4e35-9b4f-05a9c8878186;Horror Comedy;8bbf14c6-b378-4e35-9b4f-05a9c8878046
8bbf14c6-b378-4e35-9b4f-05a9c8878187;Humorous Mystery;8bbf14c6-b378-4e35-9b4f-05a9c8878065
8bbf14c6-b378-4e35-9b4f-05a9c8878188;Inspirational Romance;8bbf14c6-b378-4e35-9b4f-05a9c8878086
8bbf14c6-b378-4e35-9b4f-05a9c8878189;International;8bbf14c6-b378-4e35-9b4f-05a9c8878002
8bbf14c6-b378-4e35-9b4f-05a9c8878190;Islamic Fiction;8bbf14c6-b378-4e35-9b4f-05a9c8878001
8bbf14c6-b378-4e35-9b4f-05a9c8878191;Jewish Fiction;8bbf14c6-b378-4e35-9b4f-05a9c8878001
8bbf14c6-b378-4e35-9b4f-05a9c8878192;Juvenile;8bbf14c6-b378-4e35-9b4f-05a9c8878011
8bbf14c6-b378-4e35-9b4f-05a9c8878193;Legal Drama;8bbf14c6-b378-4e35-9b4f-05a9c8878001
8bbf14c6-b378-4e35-9b4f-05a9c8878195;Literary Criticism;8bbf14c6-b378-4e35-9b4f-05a9c8878002
8bbf14c6-b378-4e35-9b4f-05a9c8878196;Literary Mystery;8bbf14c6-b378-4e35-9b4f-05a9c8878065
8bbf14c6-b378-4e35-9b4f-05a9c8878197;Magical Girl;8bbf14c6-b378-4e35-9b4f-05a9c8878031
8bbf14c6-b378-4e35-9b4f-05a9c8878198;Magical Realism;8bbf14c6-b378-4e35-9b4f-05a9c8878054
8bbf14c6-b378-4e35-9b4f-05a9c8878199;Martial Fiction;8bbf14c6-b378-4e35-9b4f-05a9c8878001
8bbf14c6-b378-4e35-9b4f-05a9c8878200;Medical Thriller;8bbf14c6-b378-4e35-9b4f-05a9c8878109
8bbf14c6-b378-4e35-9b4f-05a9c8878201;Men's Fiction;8bbf14c6-b378-4e35-9b4f-05a9c8878001
8bbf14c6-b378-4e35-9b4f-05a9c8878202;Middle Grade;8bbf14c6-b378-4e35-9b4f-05a9c8878011
8bbf14c6-b378-4e35-9b4f-05a9c8878203;Military Fiction;8bbf14c6-b378-4e35-9b4f-05a9c8878061
8bbf14c6-b378-4e35-9b4f-05a9c8878204;Mind & Body;8bbf14c6-b378-4e35-9b4f-05a9c8878002
8bbf14c6-b378-4e35-9b4f-05a9c8878205;Modern Romance;8bbf14c6-b378-4e35-9b4f-05a9c8878086
8bbf14c6-b378-4e35-9b4f-05a9c8878206;Monster;8bbf14c6-b378-4e35-9b4f-05a9c8878001
8bbf14c6-b378-4e35-9b4f-05a9c8878207;Music Biography;8bbf14c6-b378-4e35-9b4f-05a9c8878008
8bbf14c6-b378-4e35-9b4f-05a9c8878208;Musical;8bbf14c6-b378-4e35-9b4f-05a9c8878001
8bbf14c6-b378-4e35-9b4f-05a9c8878209;Mythopoeia;8bbf14c6-b378-4e35-9b4f-05a9c8878066
8bbf14c6-b378-4e35-9b4f-05a9c8878210;Native American;8bbf14c6-b378-4e35-9b4f-05a9c8878001
8bbf14c6-b378-4e35-9b4f-05a9c8878211;Nature Writing;8bbf14c6-b378-4e35-9b4f-05a9c8878068
8bbf14c6-b378-4e35-9b4f-05a9c8878212;New Weird;8bbf14c6-b378-4e35-9b4f-05a9c8878001
8bbf14c6-b378-4e35-9b4f-05a9c8878213;Norse Mythology;8bbf14c6-b378-4e35-9b4f-05a9c8878066
8bbf14c6-b378-4e35-9b4f-05a9c8878214;Novella;8bbf14c6-b378-4e35-9b4f-05a9c8878001
8bbf14c6-b378-4e35-9b4f-05a9c8878215;Occult Fiction;8bbf14c6-b378-4e35-9b4f-05a9c8878071
8bbf14c6-b378-4e35-9b4f-05a9c8878216;Paranormal Romance;8bbf14c6-b378-4e35-9b4f-05a9c8878086
8bbf14c6-b378-4e35-9b4f-05a9c8878217;Parenting Memoir;8bbf14c6-b378-4e35-9b4f-05a9c8878059
8bbf14c6-b378-4e35-9b4f-05a9c8878218;Personal Development;8bbf14c6-b378-4e35-9b4f-05a9c8878002
8bbf14c6-b378-4e35-9b4f-05a9c8878219;Philosophical Fiction;8bbf14c6-b378-4e35-9b4f-05a9c8878074
8bbf14c6-b378-4e35-9b4f-05a9c8878220;Picture Book Biography;8bbf14c6-b378-4e35-9b4f-05a9c8878008
8bbf14c6-b378-4e35-9b4f-05a9c8878221;Pirate;8bbf14c6-b378-4e35-9b4f-05a9c8878001
8bbf14c6-b378-4e35-9b4f-05a9c8878222;Plant & Garden;8bbf14c6-b378-4e35-9b4f-05a9c8878002
8bbf14c6-b378-4e35-9b4f-05a9c8878223;Police Procedural;8bbf14c6-b378-4e35-9b4f-05a9c8878065
8bbf14c6-b378-4e35-9b4f-05a9c8878224;Political Thriller;8bbf14c6-b378-4e35-9b4f-05a9c8878109
8bbf14c6-b378-4e35-9b4f-05a9c8878225;Pop Culture;8bbf14c6-b378-4e35-9b4f-05a9c8878002
8bbf14c6-b378-4e35-9b4f-05a9c8878226;Postmodern;8bbf14c6-b378-4e35-9b4f-05a9c8878001
8bbf14c6-b378-4e35-9b4f-05a9c8878227;Prehistoric;8bbf14c6-b378-4e35-9b4f-05a9c8878001
8bbf14c6-b378-4e35-9b4f-05a9c8878228;Prison;8bbf14c6-b378-4e35-9b4f-05a9c8878001
8bbf14c6-b378-4e35-9b4f-05a9c8878229;Psychological Fiction;8bbf14c6-b378-4e35-9b4f-05a9c8878001
8bbf14c6-b378-4e35-9b4f-05a9c8878231;Quest;8bbf14c6-b378-4e35-9b4f-05a9c8878001
8bbf14c6-b378-4e35-9b4f-05a9c8878232;Realistic Fiction;8bbf14c6-b378-4e35-9b4f-05a9c8878001
8bbf14c6-b378-4e35-9b4f-05a9c8878233;Religious Mystery;8bbf14c6-b378-4e35-9b4f-05a9c8878065
8bbf14c6-b378-4e35-9b4f-05a9c8878234;Retelling;8bbf14c6-b378-4e35-9b4f-05a9c8878001
8bbf14c6-b378-4e35-9b4f-05a9c8878235;Road Trip;8bbf14c6-b378-4e35-9b4f-05a9c8878001
8bbf14c6-b378-4e35-9b4f-05a9c8878236;Romantic Fantasy;8bbf14c6-b378-4e35-9b4f-05a9c8878086
8bbf14c6-b378-4e35-9b4f-05a9c8878237;Romantic Thriller;8bbf14c6-b378-4e35-9b4f-05a9c8878109
8bbf14c6-b378-4e35-9b4f-05a9c8878238;Royalty;8bbf14c6-b378-4e35-9b4f-05a9c8878001
8bbf14c6-b378-4e35-9b4f-05a9c8878239;Satirical Fiction;8bbf14c6-b378-4e35-9b4f-05a9c8878090
8bbf14c6-b378-4e35-9b4f-05a9c8878240;School Story;8bbf14c6-b378-4e35-9b4f-05a9c8878001
8bbf14c6-b378-4e35-9b4f-05a9c8878241;Science Fantasy;8bbf14c6-b378-4e35-9b4f-05a9c8878031
8bbf14c6-b378-4e35-9b4f-05a9c8878242;Sea Story;8bbf14c6-b378-4e35-9b4f-05a9c8878001
8bbf14c6-b378-4e35-9b4f-05a9c8878243;Self-Improvement;8bbf14c6-b378-4e35-9b4f-05a9c8878093
8bbf14c6-b378-4e35-9b4f-05a9c8878244;Serial Killer;8bbf14c6-b378-4e35-9b4f-05a9c8878065
8bbf14c6-b378-4e35-9b4f-05a9c8878245;Shapeshifter;8bbf14c6-b378-4e35-9b4f-05a9c8878001
8bbf14c6-b378-4e35-9b4f-05a9c8878246;Short Nonfiction;8bbf14c6-b378-4e35-9b4f-05a9c8878002
8bbf14c6-b378-4e35-9b4f-05a9c8878247;Sibling Story;8bbf14c6-b378-4e35-9b4f-05a9c8878001
8bbf14c6-b378-4e35-9b4f-05a9c8878248;Slice of Life Romance;8bbf14c6-b378-4e35-9b4f-05a9c8878086
8bbf14c6-b378-4e35-9b4f-05a9c8878249;Small Town;8bbf14c6-b378-4e35-9b4f-05a9c8878001
8bbf14c6-b378-4e35-9b4f-05a9c8878250;Soccer;8bbf14c6-b378-4e35-9b4f-05a9c8878101
8bbf14c6-b378-4e35-9b4f-05a9c8878251;Space Exploration;8bbf14c6-b378-4e35-9b4f-05a9c8878092
8bbf14c6-b378-4e35-9b4f-05a9c8878252;Speculative Fiction;8bbf14c6-b378-4e35-9b4f-05a9c8878001
8bbf14c6-b378-4e35-9b4f-05a9c8878253;Sports Romance;8bbf14c6-b378-4e35-9b4f-05a9c8878086
8bbf14c6-b378-4e35-9b4f-05a9c8878254;Spy Thriller;8bbf14c6-b378-4e35-9b4f-05a9c8878109
8bbf14c6-b378-4e35-9b4f-05a9c8878255;Steamy Romance;8bbf14c6-b378-4e35-9b4f-05a9c8878086
8bbf14c6-b378-4e35-9b4f-05a9c8878256;Supernatural Thriller;8bbf14c6-b378-4e35-9b4f-05a9c8878109
8bbf14c6-b378-4e35-9b4f-05a9c8878257;Survival;8bbf14c6-b378-4e35-9b4f-05a9c8878001
8bbf14c6-b378-4e35-9b4f-05a9c8878258;Sword & Sorcery;8bbf14c6-b378-4e35-9b4f-05a9c8878031
8bbf14c6-b378-4e35-9b4f-05a9c8878259;Tech;8bbf14c6-b378-4e35-9b4f-05a9c8878002
8bbf14c6-b378-4e35-9b4f-05a9c8878260;Teen Romance;8bbf14c6-b378-4e35-9b4f-05a9c8878086
8bbf14c6-b378-4e35-9b4f-05a9c8878261;Time Slip;8bbf14c6-b378-4e35-9b4f-05a9c8878110
8bbf14c6-b378-4e35-9b4f-05a9c8878263;Travel Memoir;8bbf14c6-b378-4e35-9b4f-05a9c8878059
8bbf14c6-b378-4e35-9b4f-05a9c8878264;True Adventure;8bbf14c6-b378-4e35-9b4f-05a9c8878121
8bbf14c6-b378-4e35-9b4f-05a9c8878265;Urban Romance;8bbf14c6-b378-4e35-9b4f-05a9c8878086
8bbf14c6-b378-4e35-9b4f-05a9c8878266;Vampire Romance;8bbf14c6-b378-4e35-9b4f-05a9c8878116
8bbf14c6-b378-4e35-9b4f-05a9c8878267;Victorian;8bbf14c6-b378-4e35-9b4f-05a9c8878001
8bbf14c6-b378-4e35-9b4f-05a9c8878268;Virtual Reality;8bbf14c6-b378-4e35-9b4f-05a9c8878092
8bbf14c6-b378-4e35-9b4f-05a9c8878269;Visual Arts;8bbf14c6-b378-4e35-9b4f-05a9c8878006
8bbf14c6-b378-4e35-9b4f-05a9c8878270;War Memoir;8bbf14c6-b378-4e35-9b4f-05a9c8878059
8bbf14c6-b378-4e35-9b4f-05a9c8878271;Werewolf;8bbf14c6-b378-4e35-9b4f-05a9c8878001
8bbf14c6-b378-4e35-9b4f-05a9c8878272;Western Romance;8bbf14c6-b378-4e35-9b4f-05a9c8878086
8bbf14c6-b378-4e35-9b4f-05a9c8878273;Women's History;8bbf14c6-b378-4e35-9b4f-05a9c8878119
8bbf14c6-b378-4e35-9b4f-05a9c8878274;Workplace Romance;8bbf14c6-b378-4e35-9b4f-05a9c8878086
8bbf14c6-b378-4e35-9b4f-05a9c8878275;World War II;8bbf14c6-b378-4e35-9b4f-05a9c8878117
8bbf14c6-b378-4e35-9b4f-05a9c8878277;Zombie;8bbf14c6-b378-4e35-9b4f-05a9c8878001
